{"cameraMode":{"drawMode":0,"name":"Shaded","section":"Shading Mode"},"sceneLighting":true,"audioPlay":false,"sceneViewState":{"m_AlwaysRefresh":false,"showFog":true,"showSkybox":true,"showFlares":true,"showImageEffects":true,"showParticleSystems":true,"showVisualEffectGraphs":true,"m_FxEnabled":true},"in2DMode":false,"pivot":{"x":-0.7485524415969849,"y":0.038367271423339847,"z":-0.6367820501327515},"rotation":{"x":0.7295795679092407,"y":-0.02459661290049553,"z":0.026276128366589547,"w":0.682948887348175},"size":7.158620834350586,"orthographic":false}