{"cameraMode":{"drawMode":0,"name":"Shaded","section":"Shading Mode"},"sceneLighting":true,"audioPlay":false,"sceneViewState":{"m_AlwaysRefresh":false,"showFog":true,"showSkybox":true,"showFlares":true,"showImageEffects":true,"showParticleSystems":true,"showVisualEffectGraphs":true,"m_FxEnabled":true},"in2DMode":false,"pivot":{"x":-0.16040687263011933,"y":-0.41491127014160159,"z":0.01782866194844246},"rotation":{"x":0.7080304026603699,"y":0.013767286203801632,"z":-0.013808539137244225,"w":0.7059090733528137},"size":5.5164055824279789,"orthographic":true}